class,f1
black_win,0.7697546305806044
draw,0.24558930209003435
white_win,0.7755529227513178
