class,f1
black_win,0.8186562897663353
draw,0.22563596645761397
white_win,0.8293191292264938
