model,accuracy,balanced_accuracy,macro_f1,weighted_f1,log_loss
pre_game,0.36079338227305885,0.3981076062156996,0.3155661532047416,0.4194689312146135,1.0689264762199961
post_game,0.7583536386634178,0.7388750912965026,0.624537128483481,0.8028387424375014,0.7664071092759738
