{
  "baselines": {
    "class_prior_probability": {
      "accuracy": 0.9683383991894631,
      "f1": 0.0,
      "pr_auc": 0.03166160081053698,
      "precision": 0.0,
      "recall": 0.0,
      "roc_auc": 0.5
    },
    "low_time_or_material_rule": {
      "accuracy": 0.9250253292806484,
      "f1": 0.06329113924050633,
      "pr_auc": 0.033317154421086695,
      "precision": 0.05235602094240838,
      "recall": 0.08,
      "roc_auc": 0.516327491498823
    },
    "majority_class": {
      "accuracy": 0.9683383991894631,
      "f1": 0.0,
      "pr_auc": 0.03166160081053698,
      "precision": 0.0,
      "recall": 0.0,
      "roc_auc": 0.5
    }
  },
  "class_counts": {
    "0": 19116,
    "1": 623
  },
  "config": {
    "duckdb_path": "warehouse/knightvision_benchmark.duckdb",
    "output_dir": "models/blunder_predictor",
    "random_state": 42,
    "test_size": 0.2
  },
  "features": {
    "categorical": [
      "game_phase",
      "time_control_type",
      "square"
    ],
    "encoded_count": 76,
    "numeric": [
      "player_elo",
      "time_remaining_seconds",
      "ply_number",
      "material_balance",
      "is_in_check",
      "year"
    ]
  },
  "metrics": {
    "accuracy": 0.7717831813576495,
    "f1": 0.1361457334611697,
    "pr_auc": 0.1009112693074617,
    "precision": 0.07734204793028322,
    "recall": 0.568,
    "roc_auc": 0.7558242218153284
  },
  "recommended_threshold": 0.5,
  "row_count": 19739,
  "test_rows": 3948,
  "train_rows": 15791
}