{
  "baselines": {
    "class_prior_probability": {
      "accuracy": 0.4955246970031931,
      "balanced_accuracy": 0.3333333333333333,
      "log_loss": 0.8335088400988708,
      "macro_f1": 0.22089223846593783,
      "weighted_f1": 0.3283726786085728
    },
    "elo_favorite": {
      "accuracy": 0.6142714531176027,
      "balanced_accuracy": 0.4266880698151943,
      "log_loss": 13.903066046116955,
      "macro_f1": 0.4178199535959612,
      "weighted_f1": 0.6017431397312366
    },
    "majority_class": {
      "accuracy": 0.4955246970031931,
      "balanced_accuracy": 0.3333333333333333,
      "log_loss": 18.18313296458677,
      "macro_f1": 0.22089223846593783,
      "weighted_f1": 0.3283726786085728
    }
  },
  "class_counts": {
    "black_win": 4378076,
    "draw": 379732,
    "white_win": 4673397
  },
  "classes": [
    "black_win",
    "draw",
    "white_win"
  ],
  "config": {
    "duckdb_path": "warehouse/knightvision.duckdb",
    "output_dir": "models/opening_outcome",
    "random_state": 42,
    "test_size": 0.2
  },
  "features": {
    "categorical": [
      "eco_code",
      "opening_family",
      "opening_variation",
      "time_control_type"
    ],
    "encoded_count": 3129,
    "numeric": [
      "white_elo",
      "black_elo",
      "elo_diff",
      "abs_elo_diff",
      "base_time_seconds",
      "increment_seconds",
      "year",
      "month"
    ]
  },
  "metrics": {
    "accuracy": 0.4768786173134822,
    "balanced_accuracy": 0.4523357876330453,
    "log_loss": 1.0194900742963515,
    "macro_f1": 0.4012466242563589,
    "weighted_f1": 0.5364038147059494
  },
  "model_name": "pre_game",
  "row_count": 9431205,
  "test_rows": 1886241,
  "train_rows": 7544964
}