class,f1
black_win,0.5476937582525234
draw,0.09429545952373503
white_win,0.5617506549928182
