class,f1
black_win,0.4155987944149427
draw,0.08412277377794619
white_win,0.44697689142133584
