cluster,style_label,cluster_size,win_rate,loss_rate,draw_rate,avg_elo,elo_change_proxy,avg_game_length,avg_capture_count,capture_game_rate,castle_rate,opening_diversity,top_opening_share,bullet_share,blitz_share,rapid_share,classical_share,clock_game_rate
0,Blitz Specialists,3250,0.44489021819303526,0.5342800498633217,0.02082973194364303,1510.3565219050981,51.252307692307696,60.61345533122155,14.330475977055677,0.9873046239278431,0.7328003251266472,9.651384615384615,0.2572715247629493,0.013943652164669485,0.9755849559481337,0.010326384834235518,0.00012577628373055855,0.9999807692307693
1,Opening Loyalists,3145,0.4649807111543608,0.5216111969883321,0.013408091857307134,1505.077210134245,97.28235294117647,55.77072147429098,13.755238514203993,0.9901021207447757,0.7152778486138078,9.798728139904611,0.28240953690748166,0.9407522153270668,0.0392812798715485,0.014082492564278876,0.005750075250500916,0.999866063013395
2,Opening Explorers,4313,0.522963698476774,0.44069912287912766,0.03633717864409831,2008.7416582380506,62.08671458381637,71.85566118304607,17.072067876345365,0.9975385716727406,0.8581396321599982,12.317180616740089,0.2382108512272388,0.9729482201255518,0.021987423134285883,0.004794952101255763,0.00024607491064032925,0.9999766702717339
3,Long-Game Grinders,1218,0.4879049178706527,0.4689748452487354,0.04312023688061186,1521.0127681452677,69.30870279146141,63.858414117137215,14.989396903643497,0.98520641532088,0.7099404273366595,9.440065681444992,0.2488401645778392,0.00646597451740139,0.02775599486524044,0.9623403243357966,0.002065788653486346,0.9986280823719248
4,Sharp Tactical Players,3640,0.5303327710708237,0.40954317889203984,0.060124050037136494,1841.3320062275004,43.697527472527476,77.93873660213556,17.503558573354635,0.9969419107062661,0.8543757571370932,10.756593406593407,0.23223749682574585,0.015888559860781987,0.971044787406301,0.011237068159609585,0.0018295845733075685,1.0
