clusters,inertia,silhouette_score
3,1473032.7041674415,0.14994642769909378
4,1345728.4991149143,0.17094667300344504
5,1247851.6156353292,0.1827472685118949
6,1225090.8932517085,0.13115298674029555
7,1129561.2835814347,0.14889940250795736
8,1084049.5176085664,0.14626741693198803
